"name";"title";"description";"url_page";"api_url"
"base_page";"";"";"https://preprod.softmg.ru/";"https://preprod.softmg.ru/api/v2/page/main"
"uslugi";"Услуги";"";"https://preprod.softmg.ru/uslugi/";"https://preprod.softmg.ru/api/v2/page/offers"
"calculator";"Калькулятор услуг";"";"https://preprod.softmg.ru/calculator/";"https://preprod.softmg.ru/api/v2/page/calculator"
"examples";"Кейсы";"";"https://preprod.softmg.ru/examples/";"https://preprod.softmg.ru/api/v2/page/examples"
"about-company";"О компании Soft Media Group";"";"https://preprod.softmg.ru/about-company/";"https://preprod.softmg.ru/api/v2/page/about-company"
"contacts";"Контакты";"";"https://preprod.softmg.ru/contacts/";""
"development";"Разработка сайтов";"";"https://preprod.softmg.ru/development/";"https://preprod.softmg.ru/api/v2/offers/slug?url=/development"
"it-autstaffing";"Аутстаффинг IT-специалистов";"";"https://preprod.softmg.ru/it-autstaffing/";"https://preprod.softmg.ru/api/v2/offers/slug?url=/it-autstaffing"
"outsource";"Аутсорс IT";"";"https://preprod.softmg.ru/outsource/";"https://preprod.softmg.ru/api/v2/offers/slug?url=/outsource"
"application-development";"Разработка приложений";"";"https://preprod.softmg.ru/application-development/";"https://preprod.softmg.ru/api/v2/offers/slug?url=/application-development"
"razrabotka-ai";"Искусственный интеллект для бизнеса – решения, которые работают";"";"https://preprod.softmg.ru/razrabotka-ai/";"https://preprod.softmg.ru/api/v2/offers/slug?url=/razrabotka-ai"
"biznes-agenty";"Разработка ИИ агентов для бизнеса";"";"https://preprod.softmg.ru/razrabotka-ai/biznes-agenty/";"https://preprod.softmg.ru/api/v2/offers/slug?url=/razrabotka-ai/biznes-agenty"
"chat-boty";"Чат-боты для бизнеса";"";"https://preprod.softmg.ru/razrabotka-ai/chat-boty/";"https://preprod.softmg.ru/api/v2/offers/slug?url=/razrabotka-ai/chat-boty"
"razrabotka-po";"Разработка ПО";"";"https://preprod.softmg.ru/razrabotka-po/";"https://preprod.softmg.ru/api/v2/offers/slug?url=/razrabotka-po"
"devops";"DevOps: стабильная работа и быстрое развитие ваших IT-систем";"";"https://preprod.softmg.ru/uslugi/devops/";"https://preprod.softmg.ru/api/v2/offers/slug?url=/uslugi/devops"
"support";"Сопровождение и поддержка сайтов";"";"https://preprod.softmg.ru/support/";"https://preprod.softmg.ru/api/v2/offers/slug?url=/support"
"promotion";"Поисковое продвижение";"Поисковое продвижение";"https://preprod.softmg.ru/promotion/";"https://preprod.softmg.ru/api/v2/offers/slug?url=/promotion"
"other_services";"Услуги";"";"https://preprod.softmg.ru";""
"article";"Статьи";"";"https://preprod.softmg.ru/article/";"https://preprod.softmg.ru/api/v2/page/articles"
"news";"Новости компании";"";"https://preprod.softmg.ru/news/";"https://preprod.softmg.ru/api/v2/page/news"
"reviews";"Отзывы";"";"https://preprod.softmg.ru/reviews/";"https://preprod.softmg.ru/api/v2/page/reviews"
"vakansii";"Карьера в SMG";"";"https://preprod.softmg.ru/vakansii/";"https://preprod.softmg.ru/api/v2/page/vakansii"
"referral";"Реферальная программа ГК Soft Media Group";"";"https://preprod.softmg.ru/referral/";"https://preprod.softmg.ru/api/v2/page/referral"
"development_framework";"Cайты на фреймворке";"";"https://preprod.softmg.ru/development/framework/";"https://preprod.softmg.ru/api/v2/offers/slug?url=/development/framework"
"development_corporate";"Создание корпоративного сайта";"";"https://preprod.softmg.ru/development/corporate/";"https://preprod.softmg.ru/api/v2/offers/slug?url=/development/corporate"
"development_shop";"Создание интернет-магазина";"";"https://preprod.softmg.ru/development/shop/";"https://preprod.softmg.ru/api/v2/offers/slug?url=/development/shop"
"development_interactive";"Создание интерактивных сайтов";"";"https://preprod.softmg.ru/development/interactive/";"https://preprod.softmg.ru/api/v2/offers/slug?url=/development/interactive"
"development_design";"Разработка дизайна сайта";"";"https://preprod.softmg.ru/development/design/";""
"development_card";"Создание сайта-визитки";"";"https://preprod.softmg.ru/development/card/";"https://preprod.softmg.ru/api/v2/offers/slug?url=/development/card"
"landing";"Разработка сайтов Landing Page";"";"https://preprod.softmg.ru/development/landing-page/";"https://preprod.softmg.ru/api/v2/offers/slug?url=/development/landing-page"
"application_ios";"Создание приложений для iOS";" ";"https://preprod.softmg.ru/application-development/ios/";"https://preprod.softmg.ru/api/v2/offers/slug?url=/application-development/ios"
"application_android";"Создание приложений под Android";" ";"https://preprod.softmg.ru/application-development/android/";"https://preprod.softmg.ru/api/v2/offers/slug?url=/application-development/android"
"development_backbone";"Разработка приложений на Backbone";" ";"https://preprod.softmg.ru/development/backbone/";"https://preprod.softmg.ru/api/v2/offers/slug?url=/development/backbone"
"application_mongodb";"MongoDB";"";"https://preprod.softmg.ru/application-development/mongodb/";"https://preprod.softmg.ru/api/v2/offers/slug?url=/application-development/mongodb"
"application_java";"Разработка приложений на Java";"";"https://preprod.softmg.ru/application-development/java/";"https://preprod.softmg.ru/api/v2/offers/slug?url=/application-development/java"
"application_smartphone";"Приложения для смартфонов";"";"https://preprod.softmg.ru/application-development/smartphone/";"https://preprod.softmg.ru/api/v2/offers/slug?url=/application-development/smartphone"
"javascript_react";"Фреймворк React.js";"";"https://preprod.softmg.ru/development/framework/javascript-react/";"https://preprod.softmg.ru/api/v2/offers/slug?url=/development/framework/javascript-react"
"react_native";"Мобильные приложения на фреймворк React Native";"";"https://preprod.softmg.ru/application-development/react-native/";"https://preprod.softmg.ru/api/v2/offers/slug?url=/application-development/react-native"
"support_netcat";"Техподдержка сайтов на Netcat";"";"https://preprod.softmg.ru/support/netcat/";"https://preprod.softmg.ru/api/v2/offers/slug?url=/support/netcat"
"support_wordpress";"Техподдержка сайтов на Wordpress";"";"https://preprod.softmg.ru/support/wordpress/";"https://preprod.softmg.ru/api/v2/offers/slug?url=/support/wordpress"
"support_bitrix";"Техподдержка сайтов на Bitrix";"";"https://preprod.softmg.ru/support/bitrix/";"https://preprod.softmg.ru/api/v2/offers/slug?url=/support/bitrix"
"sozdanie-corporate";"Разработка и продвижение сайта компании";"";"https://preprod.softmg.ru/promotion/sozdanie-corporate/";"https://preprod.softmg.ru/api/v2/offers/slug?url=/promotion/sozdanie-corporate"
"internet-magazin";"Создание и продвижение интернет-магазина";"";"https://preprod.softmg.ru/promotion/internet-magazin/";"https://preprod.softmg.ru/api/v2/offers/slug?url=/promotion/internet-magazin"
"development-seo";"Создание сайтов для СЕО-продвижения";"";"https://preprod.softmg.ru/development/seo/";"https://preprod.softmg.ru/api/v2/offers/slug?url=/development/seo"
"promotion-yandex";"Продвижение сайтов под Яндекс";"";"https://preprod.softmg.ru/promotion/yandex/";"https://preprod.softmg.ru/api/v2/offers/slug?url=/promotion/yandex"
"promotion-google";"Продвижение сайтов под Google";"";"https://preprod.softmg.ru/promotion/google/";"https://preprod.softmg.ru/api/v2/offers/slug?url=/promotion/google"
"integraciya-1c";"Интеграция 1С: полная автоматизация торговли";"";"https://preprod.softmg.ru/integraciya-1c/";"https://preprod.softmg.ru/api/v2/offers/slug?url=/integraciya-1c"
"automated-testing";"Интеграция 1С: полная автоматизация торговли";"";"https://preprod.softmg.ru/uslugi/automated-testing/";"https://preprod.softmg.ru/api/v2/offers/slug?url=/uslugi/automated-testing"
"dorabotka-saytov";"Доработка сайтов";"";"https://preprod.softmg.ru/dorabotka-saytov/";"https://preprod.softmg.ru/api/v2/offers/slug?url=/dorabotka-saytov"
"testirovanie";"Повышаем качество программных продуктов";"";"https://preprod.softmg.ru/testirovanie/";"https://preprod.softmg.ru/api/v2/offers/slug?url=/testirovanie"
"development-design";"Разработка дизайна сайта";"";"https://preprod.softmg.ru/development/design/";"https://preprod.softmg.ru/api/v2/offers/slug?url=/development/design"
"systems-analyst";"???";"";"https://preprod.softmg.ru/systems-analyst/";"https://preprod.softmg.ru/api/v2/offers/slug?url=/systems-analyst"
"development-symfony";"Создание сайтов на Symfony";"";"https://preprod.softmg.ru/development/symfony/";"https://preprod.softmg.ru/api/v2/offers/slug?url=/development/symfony"
"development-laravel";"Сайты на Laravel";"";"https://preprod.softmg.ru/development/laravel/";"https://preprod.softmg.ru/api/v2/offers/slug?url=/development/laravel"
"development-yii";"Сайты на Yii";"";"https://preprod.softmg.ru/development/yii/";"https://preprod.softmg.ru/api/v2/offers/slug?url=/development/yii"
"development-zend";"Сайты на Zend";"";"https://preprod.softmg.ru/development/zend/";"https://preprod.softmg.ru/api/v2/offers/slug?url=/development/zend"
"development-codeigniter";"Сайты на Codeigniter";"";"https://preprod.softmg.ru/development/codeigniter/";"https://preprod.softmg.ru/api/v2/offers/slug?url=/development/codeigniter"
"development-cakephp";"Разработка сайтов и приложений на Cakephp";"";"https://preprod.softmg.ru/development/cakephp/";"https://preprod.softmg.ru/api/v2/offers/slug?url=/development/cakephp"
"development-javascript";"Фреймворки JavaScript";"";"https://preprod.softmg.ru/development/framework/javascript/";"https://preprod.softmg.ru/api/v2/offers/slug?url=/development/framework/javascript"
"development-java";"Фреймворки Java";"";"https://preprod.softmg.ru/development/framework/java/";"https://preprod.softmg.ru/api/v2/offers/slug?url=/development/framework/java"
"corporate-wordpress";"Корпоративные сайты на Wordpress";"";"https://preprod.softmg.ru/development/corporate/wordpress/";"https://preprod.softmg.ru/api/v2/offers/slug?url=/development/corporate/wordpress"
"corporate-bitrix";"Разработка корпоративного сайта на Bitrix";"";"https://preprod.softmg.ru/development/corporate/bitrix/";"https://preprod.softmg.ru/api/v2/offers/slug?url=/development/corporate/bitrix"
"shop-1c-bitrix";"Интернет-магазин на 1С Битрикс";"";"https://preprod.softmg.ru/development/shop/1c-bitrix/";"https://preprod.softmg.ru/api/v2/offers/slug?url=/development/shop/1c-bitrix"
"shop-virtuemart";"Интернет-магазин на Virtuemart";"";"https://preprod.softmg.ru/development/shop/virtuemart/";"https://preprod.softmg.ru/api/v2/offers/slug?url=/development/shop/virtuemart"
"shop-wordpress";"Интернет-магазин на WordPress";"";"https://preprod.softmg.ru/development/shop/wordpress/";"https://preprod.softmg.ru/api/v2/offers/slug?url=/development/shop/wordpress"
"shop-opencart";"Создание сайтов на OpenCart";"";"https://preprod.softmg.ru/development/shop/opencart/";"https://preprod.softmg.ru/api/v2/offers/slug?url=/development/shop/opencart"
"development-umicms";"Создание сайта на UMI.CMS";"";"https://preprod.softmg.ru/development/umicms/";"https://preprod.softmg.ru/api/v2/offers/slug?url=/development/umicms"
"development-shop-magento";"Разработка интернет-магазин на Magento";"";"https://preprod.softmg.ru/development/shop/magento/";"https://preprod.softmg.ru/api/v2/offers/slug?url=/development/shop/magento"
"development-shop-ubercart";"Создание сайта на Ubercart";"";"https://preprod.softmg.ru/development/shop/ubercart/";"https://preprod.softmg.ru/api/v2/offers/slug?url=/development/shop/ubercart"
"development-shop-prestashop";"Разработка интернет-магазинов на CMS PrestaShop";"";"https://preprod.softmg.ru/development/shop/prestashop/";"https://preprod.softmg.ru/api/v2/offers/slug?url=/development/shop/prestashop"
"development-shop-oscommerce";"Интернет-магазин на osCommerce";"";"https://preprod.softmg.ru/development/shop/oscommerce/";"https://preprod.softmg.ru/api/v2/offers/slug?url=/development/shop/oscommerce"
"development-netcat";"Создание сайта на NetCat";"";"https://preprod.softmg.ru/development/netcat/";"https://preprod.softmg.ru/api/v2/offers/slug?url=/development/netcat"
"shop-shopscript";"Создание сайтов на Shop Script";"";"https://preprod.softmg.ru/development/shop/shopscript/";"https://preprod.softmg.ru/api/v2/offers/slug?url=/development/shop/shopscript"
"shop-pod-kluch";"Интернет-магазин под ключ";"";"https://preprod.softmg.ru/development/shop/pod-kluch/";"https://preprod.softmg.ru/api/v2/offers/slug?url=/development/shop/pod-kluch"
"card-bitrix";"Сайт-визитка на Bitrix";"";"https://preprod.softmg.ru/development/card/bitrix/";"https://preprod.softmg.ru/api/v2/offers/slug?url=/development/card/bitrix"
"development-drupal";"Разработка сайтов на Drupal";"";"https://preprod.softmg.ru/development/drupal/";"https://preprod.softmg.ru/api/v2/offers/slug?url=/development/drupal"
"development-joomla";"Разработка сайтов на Joomla";"";"https://preprod.softmg.ru/development/joomla/";"https://preprod.softmg.ru/api/v2/offers/slug?url=/development/joomla"
"development-wordpress";"Разработка сайтов на Wordpress";"";"https://preprod.softmg.ru/development/wordpress/";"https://preprod.softmg.ru/api/v2/offers/slug?url=/development/wordpress"
"software-product-development";"Разработка программных продуктов: решения под ключ";"";"https://preprod.softmg.ru/software-product-development/";"https://preprod.softmg.ru/api/v2/offers/slug?url=/software-product-development"
"razrabotka-po-django";"Разработка на Django";"";"https://preprod.softmg.ru/razrabotka-po/django/";"https://preprod.softmg.ru/api/v2/offers/slug?url=/razrabotka-po/django"
"razrabotka-po-python";"Разработка на Python";"";"https://preprod.softmg.ru/razrabotka-po/python/";"https://preprod.softmg.ru/api/v2/offers/slug?url=/razrabotka-po/python"
"veb-razrabotka-python";"Веб разработка на Python";"";"https://preprod.softmg.ru/razrabotka-po/veb-razrabotka-python/";"https://preprod.softmg.ru/api/v2/offers/slug?url=/razrabotka-po/veb-razrabotka-python"
"razrabotka-po-golang";"Разработка программного обеспечения на Golang";"";"https://preprod.softmg.ru/razrabotka-po/golang/";"https://preprod.softmg.ru/api/v2/offers/slug?url=/razrabotka-po/golang"
"razrabotka-po-net";"Разработка на .net";"";"https://preprod.softmg.ru/razrabotka-po/net/";"https://preprod.softmg.ru/api/v2/offers/slug?url=/razrabotka-po/net"
"unity";"Разработка на Unity";"";"https://preprod.softmg.ru/unity/";"https://preprod.softmg.ru/api/v2/offers/slug?url=/unity"
